<?xml version="1.0" encoding="utf-8" ?>
<Defs>

	<ResearchProjectDef>
		<defName>LightAlloys</defName>
		<label>light alloys</label>
		<description>Create lighter metals from steel.</description>
		<baseCost>500</baseCost>
		<techLevel>Industrial</techLevel>
		<researchViewX>5</researchViewX>
		<researchViewY>6</researchViewY>
	</ResearchProjectDef>
	
	<ResearchProjectDef>
		<defName>CaravanEquipment</defName>
		<label>caravan equipment</label>
		<description>Create better caravan equipment.</description>
		<baseCost>500</baseCost>
		<techLevel>Industrial</techLevel>
		<prerequisites>
			<li>LightAlloys</li>
		</prerequisites>
		<researchViewX>6</researchViewX>
		<researchViewY>6</researchViewY>
	</ResearchProjectDef>
	
</Defs>